iter	MultiClass
0	1.582566879
400	0.4635001249
800	0.4377282528
999	0.4295013856
